"","study number","correlation","p_value","N"
"1",1,0.290090800433739,0.00255797134329578,106
"2",2,0.146325426903168,0.134466549788013,106
"3",3,0.116712817028816,0.233472584545423,106
