"","study number","mean1","mean2","sd1","sd2","n1","n2"
"1",1,0.168341355383351,0.327568180007331,0.919259057221345,0.985035920939246,79,79
"2",2,-0.0160817361130926,0.316962195248005,0.928464562317851,0.98942007144462,79,79
"3",3,-0.0917395577112744,0.267969289242116,0.891427393421784,0.866188222832809,79,79
"4",4,0.131308900490946,0.357895917375074,0.929455146742294,0.984502924709674,79,79
