"","study number","mean1","mean2","sd1","sd2","correlation","n1","n2","sample_size"
"1",1,0.0311631475901677,0.460345625295759,1.01870207223658,1.01244359108302,0.845958601805886,NA,NA,79
"2",2,-0.139973864104364,0.304229324431372,1.01044640194769,0.964353784731837,0.811810384137134,NA,NA,79
"3",3,0.117439890661023,0.382147380500293,1.05349919146333,0.999706863618971,NA,79,79,NA
"4",4,-0.127207999819007,0.582189433822664,0.928549752217102,0.945452374304033,NA,79,79,NA
